tenor,libor
0.25,0.06275
0.5,0.08325